<?xml version="1.0" encoding="UTF-8"?>
<!DOCTYPE mapper PUBLIC "-//mybatis.org//DTD Mapper 3.0//EN" "http://mybatis.org/dtd/mybatis-3-mapper.dtd">

<mapper namespace="com.cloud.userdevice.dao.DeviceDoorScrollPictureDao">



    <delete id="deleteBatchByDoorId"  parameterType="java.util.Map">
        DELETE FROM device_door_scrollpicture WHERE device_door_id IN
        <foreach item="doorId" collection="list" open="(" separator="," close=")">
            #{doorId}
        </foreach>
        <if test="pictureUrls!=null">
            AND  picture_url NOT IN
            <foreach item="pictureUrl" collection="pictureUrls" open="(" separator="," close=")">
                #{pictureUrl}
            </foreach>
        </if>
    </delete>

    <select id="queryPicUrlByDoorId"  parameterType="java.util.Map"  resultType="java.util.Map">
        SELECT device_door_id doorId, picture_url pictureUrl,
        CONCAT(#{prefix}, '/preview/', picture_url) url, picture_name pictureName,
        play_time playTime, animation, `index`
        from device_door_scrollpicture WHERE device_door_id = #{doorId}
    </select>

    <select id="queryPicUrlByMacAddres"  parameterType="java.lang.String"  resultType="java.util.Map">
     SELECT p.picture_url pictureUrl, p.picture_name pictureName, p.media_type mediaType,
     p.play_time playTime, p.animation animation, p.`index`, p.banner_style bannerStyle,
     p.update_time updateTime
     from device_door_scrollpicture p
     LEFT JOIN t_device d ON p.device_door_id = d.doorId
     WHERE mac_addres = #{macAddres}
    </select>

    <insert id="insertBatch" parameterType="java.util.List">
         insert into device_door_scrollpicture (device_door_id, picture_url,picture_name,picture_type,
            play_time, animation, `index`, banner_style, media_type, update_time, create_time) values
                 <foreach collection="list" item="item" index="index" separator=",">
                     (#{item.deviceDoorId,jdbcType=INTEGER},
                     #{item.pictureUrl,jdbcType=VARCHAR},
                     #{item.pictureName,jdbcType=VARCHAR},
                     #{item.pictureType,jdbcType=VARCHAR},
                     #{item.playTime,jdbcType=INTEGER},
                     #{item.animation,jdbcType=INTEGER},
                     #{item.index,jdbcType=INTEGER},
                     #{item.bannerStyle,jdbcType=INTEGER},
                     #{item.mediaType,jdbcType=INTEGER},
                     #{item.updateTime,jdbcType=TIMESTAMP},
                     #{item.createTime,jdbcType=TIMESTAMP})
                </foreach>
    </insert>

    <update id="updateBypictureUrl" parameterType="java.util.Map">
        update device_door_scrollpicture
        <set>
            <if test="playTime != null">play_time=#{playTime},</if>
            <if test="animation != null">animation=#{animation},</if>
            <if test="index != null">`index`=#{index},</if>
            <if test="updateTime != null">update_time=#{updateTime},</if>
        </set>
        where picture_url=#{pictureUrl}
    </update>



</mapper>