<?xml version="1.0" encoding="UTF-8"?>
<!DOCTYPE mapper PUBLIC "-//mybatis.org//DTD Mapper 3.0//EN" "http://mybatis.org/dtd/mybatis-3-mapper.dtd">

<mapper namespace="com.cloud.userdevice.dao.DeviceDoorDao">

	<!-- 可根据自己的需求，是否要使用 -->
    <resultMap type="com.cloud.userdevice.entity.DeviceDoorEntity" id="deviceDoorMap">
        <result property="id" column="id"/>
        <result property="name" column="name"/>
        <result property="createtime" column="createTime"/>
        <result property="updatetime" column="updateTime"/>
         <result property="companysId" column="companysId"/>
         <result property="fcountry" column="fcountry"/>
         <result property="fprovince" column="fprovince"/>
         <result property="fcity" column="fcity"/>
         <result property="fdetailAddr" column="fdetailAddr"/>
    </resultMap>


    <select id="findDeptList"  resultType="com.cloud.userdevice.entity.DeptVO">
		 SELECT  t.fdept_no deptNo,t.fdept_name deptName,t.fis_leaf isLeaf,t.fparent_no parentNo,t.fshort_name deptShortName
		 ,t.fdept_name name,t.fdesc_name descName,t.fdesc_no descNo
		  FROM cloud_base.fms_bas_dept_t t 
		  where 1 = 1 
		  	and t.funion_no=#{deptVO.unionNo}	
	
		  	and ifnull(t.fparent_no,-1)=-1 

	</select>
	
	
	<select id="findDeptByDeptNo" parameterType="long"   resultType="com.cloud.userdevice.entity.DeptVO">
		 SELECT  t.fdept_no deptNo,t.fdept_name deptName,t.fis_leaf isLeaf,t.fparent_no parentNo,t.fshort_name deptShortName
		 ,t.fdept_name name,t.fdesc_name descName,t.fdesc_no descNo
		  FROM cloud_base.fms_bas_dept_t t 
		  where 1 = 1
		  <if test="deptNo!= null">
		  	and t.fdept_no=#{deptNo}	  
		 </if>
	</select>
	
	
	
			<select id="findDeptByParentNo"   resultType="com.cloud.userdevice.entity.DeptVO">
		 SELECT  t.fdept_no deptNo,t.fdept_name deptName,t.fis_leaf isLeaf,t.fparent_no parentNo,t.fshort_name deptShortName
		 ,t.fdept_name name,t.fdesc_name descName,t.fdesc_no descNo
		  FROM cloud_base.fms_bas_dept_t t
		  where 1 = 1
		  <if test="parentNo!= null">
		  	and t.fparent_no=#{parentNo}		  
		 </if>
         and t.funion_no=#{unionNo}	
	</select>

	<select id="queryObject" resultType="com.cloud.userdevice.entity.DeviceDoorEntity">
		select t.*,group_concat(DISTINCT d.id) as deviceId from device_door  t left  join t_device d on t.id=d.doorId   where t.id = #{value}
	</select>
	
	<select id="queryObjectList" resultType="com.cloud.userdevice.entity.DeviceDoorEntity">
		select t.*,group_concat(DISTINCT d.id) as deviceId from device_door  t
		 left  join t_device d on t.id=d.doorId
		  where t.id = #{value}
	</select>

	<select id="queryList" resultType="com.cloud.userdevice.entity.DeviceDoorEntity">
		select t.*,group_concat(DISTINCT d.id) as deviceId from device_door  t left  join t_device d on t.id=d.doorId where t.companysId=#{companysId}
		 
		<if test="doorName !=null and doorName !=''">
		   and t.name like CONCAT('%',#{doorName},'%')
		</if>
		
		 GROUP BY t.id
        <choose>
            
            <when test="sidx != null and sidx.trim() != ''">
                order by ${sidx} ${order}
            </when>
			<otherwise>
                order by t.id desc
			</otherwise>
        </choose>
		<if test="offset != null and limit != null">
			limit #{offset}, #{limit}
		</if>
	</select>
	
 	<select id="queryTotal" resultType="int">
		select count(*) from device_door  where companysId=#{companysId}
		<if test="doorName !=null and doorName !=''">
		   and name like CONCAT('%',#{doorName},'%')
		</if>
	</select>
	 
	<insert id="save" parameterType="com.cloud.userdevice.entity.DeviceDoorEntity" useGeneratedKeys="true" keyProperty="id">
		insert into device_door
		(
			`name`, 
			`createTime`, 
			`updateTime`,
			 companysId,
			 fcountry,fprovince,fcity,fdetailAddr,fdeptNos,fdeptNames
		)
		values
		(
			#{name}, 
			#{createtime}, 
			#{updatetime},
			#{companysId},
			 #{fcountry},#{fprovince},#{fcity},#{fdetailAddr},#{fdeptNos},#{fdeptNames}
		)
	</insert>
	 
	<update id="update" parameterType="com.cloud.userdevice.entity.DeviceDoorEntity">
		update device_door 
		<set>
			<if test="name != null">`name` = #{name}, </if>
			<if test="fcountry != null">`fcountry` = #{fcountry}, </if>
			<if test="fprovince != null">`fprovince` = #{fprovince}, </if>
			<if test="fcity != null">`fcity` = #{fcity}, </if>
			<if test="fdetailAddr != null">`fdetailAddr` = #{fdetailAddr}, </if>
			<if test="companysId != null">`companysId` = #{companysId}, </if>
			<if test="createtime != null">`createTime` = #{createtime}, </if>
			<if test="updatetime != null">`updateTime` = #{updatetime},</if>
			<if test="fdeptNos != null">`fdeptNos` = #{fdeptNos},</if>
			<if test="fdeptNames != null">`fdeptNames` = #{fdeptNames}</if>
		</set>
		where id = #{id}
	</update>
	
	<delete id="delete">
		delete from device_door where id = #{value}
	</delete>
	<update id="deletebydoorid">
		update  sys_door_dept set fdelflag=1 where doorid = #{doorid} and fdelflag !=2
	</update>
	<delete id="deleteBatch">
		delete from device_door where id in 
		<foreach item="id" collection="array" open="(" separator="," close=")">
			#{id}
		</foreach>
	</delete>

</mapper>