<?xml version="1.0" encoding="UTF-8"?>
<!DOCTYPE mapper PUBLIC "-//mybatis.org//DTD Mapper 3.0//EN" "http://mybatis.org/dtd/mybatis-3-mapper.dtd">

<mapper namespace="com.cloud.userdevice.dao.DeviceConfigDao">

	<!-- 可根据自己的需求，是否要使用 -->
    <resultMap type="com.cloud.userdevice.model.DeviceConfigEntity" id="deviceConfigMap">
        <result property="id" column="id"/>
        <result property="workstatus" column="workstatus"/>
        <result property="companystatus" column="companystatus"/>
        <result property="opendistance" column="openDistance"/>
        <result property="closedistance" column="closeDistance"/>
        <result property="starttime" column="startTime"/>
        <result property="endtime" column="endTime"/>
        <result property="weeks" column="weeks"/>
        <result property="voiceinterval" column="voiceInterval"/>
        <result property="threshold1" column="threshold1"/>
        <result property="thresholdn" column="thresholdn"/>
        <result property="thresholdnn" column="thresholdnn"/>
        <result property="authority" column="authority"/>
        <result property="modename" column="modeName"/>
        <result property="workmode" column="workMode"/>
        <result property="delaytime" column="delayTime"/>
        <result property="livingSwitch" column="livingSwitch"/>
    </resultMap>

	<select id="queryObject" resultType="com.cloud.userdevice.model.DeviceConfigEntity">
		select * from device_config where deviceId = #{value}
	</select>

	<select id="queryList" resultType="com.cloud.userdevice.model.DeviceConfigEntity">
		select * from device_config
        <choose>
            <when test="sidx != null and sidx.trim() != ''">
                order by ${sidx} ${order}
            </when>
			<otherwise>
                order by id desc
			</otherwise>
        </choose>
		<if test="offset != null and limit != null">
			limit #{offset}, #{limit}
		</if>
	</select>
	
 	<select id="queryTotal" resultType="int">
		select count(*) from device_config 
	</select>
	 
	<insert id="save" parameterType="com.cloud.userdevice.model.DeviceConfigEntity" useGeneratedKeys="true" keyProperty="id">
		insert into device_config
		(
			`workstatus`, 
			`companystatus`, 
			`openDistance`, 
			`closeDistance`, 
			`startTime`, 
			`endTime`, 
			`weeks`, 
			`voiceInterval`, 
			`threshold1`, 
			`thresholdn`, 
			`thresholdnn`, 
			`authority`, 
			`modeName`, 
			`workMode`, 
			`delayTime`,deviceId,devRebootTime,livingSwitch
		)
		values
		(
			#{workstatus}, 
			#{companystatus}, 
			#{opendistance}, 
			#{closedistance}, 
			#{starttime}, 
			#{endtime}, 
			#{weeks}, 
			#{voiceinterval}, 
			#{threshold1}, 
			#{thresholdn}, 
			#{thresholdnn}, 
			#{authority}, 
			#{modename}, 
			#{workmode}, 
			#{delaytime},#{deviceId},#{devRebootTime},#{livingSwitch}
		)
	</insert>
	 
	<update id="update" parameterType="com.cloud.userdevice.model.DeviceConfigEntity">
		update device_config 
		<set>
			<if test="workstatus != null">`workstatus` = #{workstatus}, </if>
			<if test="companystatus != null">`companystatus` = #{companystatus}, </if>
			<if test="opendistance != null">`openDistance` = #{opendistance}, </if>
			<if test="closedistance != null">`closeDistance` = #{closedistance}, </if>
			<if test="starttime != null">`startTime` = #{starttime}, </if>
			<if test="endtime != null">`endTime` = #{endtime}, </if>
			<if test="weeks != null">`weeks` = #{weeks}, </if>
			<if test="voiceinterval != null">`voiceInterval` = #{voiceinterval}, </if>
			<if test="threshold1 != null">`threshold1` = #{threshold1}, </if>
			<if test="thresholdn != null">`thresholdn` = #{thresholdn}, </if>
			<if test="thresholdnn != null">`thresholdnn` = #{thresholdnn}, </if>
			<if test="authority != null">`authority` = #{authority}, </if>
			<if test="modename != null">`modeName` = #{modename}, </if>
			<if test="workmode != null">`workMode` = #{workmode}, </if>
			<if test="delaytime != null">`delayTime` = #{delaytime},</if>
			<if test="devRebootTime != null">`devRebootTime` = #{devRebootTime},</if>
			<if test="livingSwitch != null">`livingSwitch` = #{livingSwitch}</if>
		</set>
		where id = #{id}
	</update>
	
	<delete id="delete">
		delete from device_config where id = #{value}
	</delete>
	
	<delete id="deleteBatch">
		delete from device_config where id in 
		<foreach item="id" collection="array" open="(" separator="," close=")">
			#{id}
		</foreach>
	</delete>

</mapper>