<?xml version="1.0" encoding="UTF-8"?>
<!DOCTYPE mapper PUBLIC "-//mybatis.org//DTD Mapper 3.0//EN" "http://mybatis.org/dtd/mybatis-3-mapper.dtd">

<mapper namespace="com.cloud.userdevice.dao.SysDoorUserDao">

	<!-- 可根据自己的需求，是否要使用 -->
    <resultMap type="com.cloud.userdevice.entity.SysDoorUserEntity" id="sysDoorUserMap">
        <result property="id" column="id"/>
        <result property="doorid" column="doorid"/>
        <result property="userid" column="userid"/>
    </resultMap>

	<select id="queryObject" resultType="com.cloud.userdevice.entity.SysDoorUserEntity">
		select * from sys_door_user where id = #{value}
	</select>
	
	
		<select id="queryObjectByuserId" resultType="com.cloud.userdevice.entity.SysDoorUserEntity">
		select * from sys_door_user where userid = #{userid} and doorid=#{doorid}
	</select>

	<select id="queryList" resultType="com.cloud.userdevice.entity.SysDoorUserEntity">
		select * from sys_door_user where 1=1
        <choose>
              <when test="doorid != null and doorid != ''">
                 and doorid=#{doorid}
            </when>
             <when test="userId != null and userId != ''">
                 and userid=#{userId}
            </when>
            <when test="sidx != null and sidx.trim() != ''">
                order by ${sidx} ${order}
            </when>
			<otherwise>
                order by id desc
			</otherwise>
        </choose>
		<if test="offset != null and limit != null">
			limit #{offset}, #{limit}
		</if>
	</select>
	
 	<select id="queryTotal" resultType="int">
		select count(*) from sys_door_user 
	</select>
	  <select id="queryListDoorUser" resultType="com.cloud.userdevice.entity.SysDoorUserEntity"  parameterType="Integer">
		select * from cloud_device.sys_door_user where  doorid=#{doorid}
	</select>
	<insert id="save" parameterType="com.cloud.userdevice.entity.SysDoorUserEntity" useGeneratedKeys="true" keyProperty="id">
		insert into sys_door_user
		(
			`doorid`, 
			`userid`
		)
		values
		(
			#{doorid}, 
			#{userid}
		)
	</insert>
	 
	<update id="update" parameterType="com.cloud.userdevice.entity.SysDoorUserEntity">
		update sys_door_user 
		<set>
			<if test="doorid != null">`doorid` = #{doorid}, </if>
			<if test="userid != null">`userid` = #{userid}</if>
		</set>
		where id = #{id}
	</update>
	
	<delete id="delete">
		delete from sys_door_user where id = #{value}
	</delete>
	
	<update id="deleteBatch">
		delete from from sys_door_user where id in 
		<foreach item="id" collection="array" open="(" separator="," close=")">
			#{id}
		</foreach>
	</update>
   <update id="updateUserDateTime" parameterType="Long">
      update cloud_base.fms_bas_paemploy_t set last_update_date=ADDDATE(now(),interval 120 second) where fuser_id=#{userId}
   </update>
</mapper>