<?xml version="1.0" encoding="UTF-8"?>
<!DOCTYPE mapper PUBLIC "-//mybatis.org//DTD Mapper 3.0//EN" "http://mybatis.org/dtd/mybatis-3-mapper.dtd">

<mapper namespace="com.cloud.userdevice.dao.SysDoorDeptDao">

	<!-- 可根据自己的需求，是否要使用 -->
    <resultMap type="com.cloud.userdevice.entity.SysDoorDeptEntity" id="sysDoorDeptMap">
        <result property="id" column="id"/>
        <result property="doorid" column="doorid"/>
        <result property="fdeptno" column="fdeptno"/>
    </resultMap>

	<select id="queryObject" resultType="com.cloud.userdevice.entity.SysDoorDeptEntity">
		select * from sys_door_dept where id = #{value}
	</select>
	
	<select id="queryObjectBydeptNo" resultType="com.cloud.userdevice.entity.SysDoorDeptEntity">
		select * from sys_door_dept where fdeptno = #{fdeptno} and doorid=#{doorid} 
		
	</select>

	<select id="queryList" resultType="com.cloud.userdevice.entity.SysDoorDeptEntity">
		select t.*,d.fdept_name fdeptName from sys_door_dept t left join cloud_base.fms_bas_dept_t d on t.fdeptno=d.fdept_no where 1=1
       
            <if test="doorid != null and doorid != ''">
                 and t.doorid=#{doorid}
            </if>
            <if test="fdelflag != null and fdelflag != ''">
                 and t.fdelflag=#{fdelflag}
            </if>
            <if test="sidx != null and sidx.trim() != ''">
                order by ${sidx} ${order}
            </if>
                order by t.id desc
		
        
		<if test="offset != null and limit != null">
			limit #{offset}, #{limit}
		</if>
	</select>
	
	
	  <select id="findBasicUserList" resultType="Long">
    select p.fuser_id
    from  cloud_base.fms_bas_paemploy_t p 
       where 1=1 
       
       <if test="fdeptNos !='' and fdeptNos !=null">
         and   p.fdept_no in 
            <foreach collection="fdeptNos" index="index" item="item" open="(" separator="," close=")">
               #{item}
          </foreach>
       
       </if>
        and p.funion_no=#{funionNo} 
     </select>

	  <select id="queryListDoorDept" resultType="com.cloud.userdevice.entity.SysDoorDeptEntity" parameterType="Integer">
		select t.*,d.fdept_name fdeptName from cloud_device.sys_door_dept t left join cloud_base.fms_bas_dept_t d on t.fdeptno=d.fdept_no where 1=1      and t.doorid=#{doorid}
      </select>
      
      
      <select id="queryListDoorDeptByDelFlag" resultType="com.cloud.userdevice.entity.SysDoorDeptEntity" parameterType="Integer">
		select t.*,d.fdept_name fdeptName from cloud_device.sys_door_dept t left join cloud_base.fms_bas_dept_t d on t.fdeptno=d.fdept_no where 1=1  and ifnull(t.fdelflag,0)=1    and t.doorid=#{doorid}
      </select>
      
      
	
		<select id="queryListFlag" resultType="com.cloud.userdevice.entity.SysDoorDeptEntity">
		select t.*,d.fdept_name fdeptName from sys_door_dept t left join cloud_base.fms_bas_dept_t d on t.fdeptno=d.fdept_no where 1=1
       
            <if test="doorid != null and doorid != ''">
                 and t.doorid=#{doorid}
                 
                 </if>
                 and t.fdelflag=0

                order by t.id desc

	</select>
	
 	<select id="queryTotal" resultType="int">
		select count(*) from sys_door_dept 
	</select>
	 
	<insert id="save" parameterType="com.cloud.userdevice.entity.SysDoorDeptEntity" useGeneratedKeys="true" keyProperty="id">
		insert into sys_door_dept
		(
			`doorid`, 
			`fdeptno`,
			fdelflag
		)
		values
		(
			#{doorid}, 
			#{fdeptno},
			0
		)
	</insert>
	 
	<update id="update" parameterType="com.cloud.userdevice.entity.SysDoorDeptEntity">
		update sys_door_dept 
		<set>
			<if test="doorid != null">`doorid` = #{doorid}, </if>
			<if test="fdeptno != null">`fdeptno` = #{fdeptno},</if>
			<if test="fdelflag != null">`fdelflag` = #{fdelflag}</if>
		</set>
		where id = #{id} 
	</update>
	
	<delete id="delete">
		delete from sys_door_dept where id = #{value}
	</delete>
	
	<delete id="deleteBatch">
		update  sys_door_dept set fdelflag=1 where id in 
		<foreach item="id" collection="array" open="(" separator="," close=")">
			#{id}
		</foreach>
	</delete>
	
	<update id="updateUserDateTimeByUnionNo" parameterType="Map">
	   update cloud_base.fms_bas_paemploy_t set last_update_date=ADDDATE(now(),interval 360 second) where
	    fdept_no in
	   <foreach collection="list" index="index" item="item" open="(" separator="," close=")">
         #{item}
     </foreach>
	</update>

</mapper>