<?xml version="1.0" encoding="UTF-8" ?>
<!DOCTYPE mapper PUBLIC "-//mybatis.org//DTD Mapper 3.0//EN"
        "http://mybatis.org/dtd/mybatis-3-mapper.dtd">
<mapper namespace="com.cloud.userdevice.dao.UserDeviceDao">

	<sql id="where">
	   
		<where>
		     1=1
			<if test="devicename != null and devicename != ''">
				and d.devicename like concat('%', #{devicename}, '%')
			</if>
			<if test="macAddres != null and macAddres != ''">
				and t.mac_addres like concat('%', #{macAddres}, '%')
			</if>
			
				and d.userid = #{userId}
			
			
			<if test="sno != null and sno != ''">
				and t.ip = #{ip}
			</if>
			
			
			<if test="doorName != null and doorName != ''">
				and o.name like concat('%', #{doorName}, '%')
			</if>
			
			<if test="beginTime != null and beginTime != ''">
				and t.createTime &gt;= #{beginTime}
			</if>
			<if test="endTime != null and endTime != ''">
				and DATE(t.createTime) &lt;= #{endTime}
			</if>
		</where>
	</sql>
	<select id="count" resultType="int">
		select count(*)  from t_device t
		 left join device_door o on t.doorId=o.id left join t_user_device d on t.id=d.deviceid   left join cloud_user.app_user au on t.user_id=au.id
		<include refid="where" />
	</select>
    
	<select id="findData" resultType="com.cloud.model.device.Device">
		select t.id,d.devicename deviceName,t.mac_addres macAddres,t.ip,t.remark,t.createTime,d.userid userId,t.sno,t.doorId,o.name as doorName,au.companyid from t_device t
		 left join device_door o on t.doorId=o.id left join t_user_device d on t.id=d.deviceid   left join cloud_user.app_user au on t.user_id=au.id 
		<include refid="where" />
		order by t.createTime desc
		limit #{start}, #{length}
	</select>
	
	
	<select id="findAllDeviceData" resultType="com.cloud.model.device.Device">
		select t.id,d.devicename deviceName,t.mac_addres macAddres,t.ip,t.remark,t.createTime,d.userid userId,t.sno,t.doorId from t_device t
		 where t.mac_addres=#{macAddres}
	</select>
	
	
	<select id="findById" resultType="com.cloud.model.device.Device" parameterType="Long">
		select t.id,t.devicename deviceName,t.mac_addres macAddres,t.ip,t.remark,t.createTime,t.user_id userId,t.sno,t.doorId,d.name as doorName,au.companyid,ifnull(suc.companytype,1) as companytype  from t_device t left join device_door d on t.doorId=d.id
		left join cloud_user.app_user au on t.user_id=au.id LEFT JOIN cloud_base.sys_user_company suc on au.companyid=suc.companyid
		where t.id=#{id}
		
	</select>
	
	<!-- 自连设备 -->
	
	<select id="findBySno" resultType="com.cloud.model.device.Device" parameterType="String">
		select t.id,t.devicename deviceName,t.mac_addres macAddres,t.ip,t.remark,t.createTime,t.user_id userId,t.sno,t.doorId,d.name as doorName,au.companyid,ifnull(suc.companytype,1) as companytype,t.password  from t_device t left join device_door d on t.doorId=d.id
		left join cloud_user.app_user au on t.user_id=au.id LEFT JOIN cloud_base.sys_user_company suc on au.companyid=suc.companyid
		where t.mac_addres=#{macAddres} 
		
	</select>
	<insert id="saveDevice" useGeneratedKeys="true" keyProperty="id" parameterType="com.cloud.model.device.Device">
	     insert into t_device(devicename, mac_addres, ip, remark, user_id, createTime,sno,doorId,companyid)
	     values(#{deviceName}, #{macAddres}, #{ip}, #{remark}, #{userId}, now(),#{sno},#{doorId},#{companyid})
	</insert>
	
	<update id="createdatabasetable" parameterType="Map">
	    CREATE TABLE ${databaseName}.${tableName} (
		  `id` int(11) NOT NULL AUTO_INCREMENT COMMENT '自增id',
		  `snapimage` longtext NOT NULL COMMENT '抓拍图片',
		  `plateimage` longtext NOT NULL COMMENT '车牌图片',
		  `createTime` datetime NOT NULL COMMENT '创建时间',
		  `deviceid` int(11) NOT NULL,
		  `imageid` varchar(20) DEFAULT NULL,
		  `direction` varchar(3) DEFAULT NULL,
		  `platecolor` varchar(3) DEFAULT NULL,
		  `platetype` varchar(3) DEFAULT NULL,
		  `score` varchar(10) DEFAULT NULL,
		  `triggertype` varchar(3) DEFAULT NULL,
		  `platenumber` varchar(50) DEFAULT NULL,
		  PRIMARY KEY (`id`)
		) ENGINE=InnoDB DEFAULT CHARSET=utf8mb4
	</update>
	
	
	
	
	<select id="findByDeviceData" resultType="com.cloud.model.device.Device" parameterType="com.cloud.model.device.Device">
		select t.id,d.devicename deviceName,t.mac_addres macAddres,t.ip,t.remark,t.createTime,d.userid userId,t.sno from t_device t left join t_user_device d on t.id=d.deviceid
		where 1=1 
		   and d.userid=#{userId}
		   <if test="deviceName != null and deviceName != ''">
		       and  d.devicename=#{deviceName}
		    </if>
		    <if test="searcherName != null and searcherName != ''">
		       and  concat(d.devicename,t.mac_addres) like  concat('%', #{searcherName}, '%')
		    </if>
		    
		
	</select>
	
	
		<select id="findByCompanyDeviceData" resultType="com.cloud.model.device.Device">
		select t.id,d.devicename deviceName,t.mac_addres macAddres,t.ip,t.remark,t.createTime,d.userid userId,t.sno
		 from t_device t left join t_user_device d on t.id=d.deviceid
		  left join cloud_user.app_user au on t.user_id=au.id
		 where 1=1 
		   and au.companyid=#{companyid}
		
	</select>

	<select id="findByDoorId"  parameterType="java.lang.Integer"  resultType="java.util.Map">
		SELECT mac_addres from t_device WHERE doorId = #{doorId}
	</select>
	
	
	<select id="deviceLogin" parameterType="String" resultType="com.cloud.userdevice.model.DeviceLoginVo">
	SELECT
			bpt.companyid companyId,
			suc.companyname,
			suc.companylogo companyLogo
		FROM
			t_device t
		LEFT JOIN t_user_device d ON t.id = d.deviceid
		LEFT JOIN cloud_user.app_user bpt ON bpt.id = d.userid
		LEFT JOIN cloud_base.sys_org_company suc ON suc.id = bpt.companyid
	    where 1=1 and  t.mac_addres =  #{deviceId}
	</select>

    <insert id="batchInsert" parameterType="java.util.List"  useGeneratedKeys="true" keyProperty="id">
        insert into t_device(id,devicename, mac_addres, ip, remark, user_id, createTime,sno,doorId,companyid)

	     values
	     <foreach collection="list" item="item" index="index" separator=",">
             (
             #{item.id},
             #{item.deviceName},
             #{item.macAddres},
             #{item.ip},
             #{item.remark},
             #{item.userId},
             now(),
             #{item.sno},
             #{item.doorId},
             #{item.companyid}
             )
         </foreach>

    </insert>

    <insert id="batchInsertUserDeivce" parameterType="java.util.List">
        insert into t_user_device(userid,devicename, deviceid,descript)
        values
        <foreach collection="list" item="item" index="index" separator=",">
            (
            #{item.userid},
            #{item.devicename},
            #{item.deviceid},
            #{item.descript}
            )
        </foreach>


    </insert>

    <delete id="deleteById">
        DELETE FROM t_device
        WHERE id = #{id}
    </delete>

    <delete id="deleteByDeviceId">
        DELETE FROM t_user_device
        WHERE deviceid = #{deviceId}
    </delete>
	
</mapper>