<?xml version="1.0" encoding="UTF-8"?>
<beans xmlns="http://www.springframework.org/schema/beans"
       xmlns:xsi="http://www.w3.org/2001/XMLSchema-instance"
       xmlns:p="http://www.springframework.org/schema/p"
       xmlns:tx="http://www.springframework.org/schema/tx"
       xmlns:context="http://www.springframework.org/schema/context"
       xsi:schemaLocation="
      http://www.springframework.org/schema/beans
      http://www.springframework.org/schema/beans/spring-beans-3.0.xsd
      http://www.springframework.org/schema/tx
      http://www.springframework.org/schema/tx/spring-tx-3.0.xsd
      http://www.springframework.org/schema/context
      http://www.springframework.org/schema/context/spring-context-3.0.xsd"
       default-autowire="byName">
<!-- scanner redis properties  -->

    <!--（1）如果你有多个数据源需要通过<context:property-placeholder管理，且不愿意放在一个配置文件里，那么一定要加上ignore-unresolvable=“true"-->
    <!--（2）注意新版的（具体从哪个版本开始不清楚，有兴趣可以查一下）JedisPoolConfig的property name，不是maxActive而是maxTotal，而且没有maxWait属性，建议看一下Jedis源码。-->
    <!-- redis连接池 -->
    <bean id="jedisConfig" class="redis.clients.jedis.JedisPoolConfig">
        <property name="maxTotal" value="600"></property>
        <property name="maxIdle" value="300"></property>
        <property name="maxWaitMillis" value="1000"></property>
        <property name="testOnBorrow" value="true"></property>
    </bean>
    <!-- redis连接工厂 -->
    <bean id="connectionFactory" class="org.springframework.data.redis.connection.jedis.JedisConnectionFactory">
        <property name="hostName" value="127.0.0.1"></property>
        <property name="port" value="6379"></property>
        <property name="password" value=""></property>
        <property name="poolConfig" ref="jedisConfig"></property>
    </bean>
    <!-- redis操作模板，这里采用尽量面向对象的模板 -->
    <bean id="redisTemplate" class="org.springframework.data.redis.core.StringRedisTemplate">
        <property name="connectionFactory" ref="connectionFactory"/>
        <!--     如果不配置Serializer，那么存储的时候只能使用String，如果用对象类型存储，那么会提示错误 can't cast to String！！！-->
        <property name="keySerializer">
            <bean class="org.springframework.data.redis.serializer.StringRedisSerializer"/>
        </property>
        <property name="valueSerializer">
            <bean class="org.springframework.data.redis.serializer.StringRedisSerializer"/>
        </property>
        <!--开启事务-->
        <property name="enableTransactionSupport" value="true"/>
    </bean>
    <!-- base info start. -->
    <bean id="tcpServer" class="com.linkedkeeper.tcp.connector.tcp.server._6790.TcpServer" init-method="init"
          destroy-method="shutdown">
        <property name="port" value="7890"/>
    </bean>
    <bean id="tcpSessionManager" class="com.linkedkeeper.tcp.connector.tcp.TcpSessionManager">
        <property name="maxInactiveInterval" value="900000000"/>
        <property name="sessionListeners">
            <list>
                <ref bean="logSessionListener"/>
            </list>
        </property>
    </bean>
    <bean id="logSessionListener" class="com.linkedkeeper.tcp.connector.api.listener.LogSessionListener"/>
    <bean id="tcpSender" class="com.linkedkeeper.tcp.remoting.TcpSender">
        <constructor-arg ref="tcpConnector"/>
    </bean>
    <bean id="serverConfig" class="com.linkedkeeper.tcp.connector.tcp.config.ServerTransportConfig">
        <constructor-arg ref="tcpConnector"/>
        <constructor-arg ref="notify"/>
    </bean>
    <bean id="tcpConnector" class="com.linkedkeeper.tcp.connector.tcp.TcpConnector" init-method="init"
          destroy-method="destroy"/>
    <bean id="notify" class="com.linkedkeeper.tcp.notify.NotifyProxy">
        <constructor-arg ref="tcpConnector"/>
    </bean>
</beans>

